{"cameraMode":{"drawMode":0,"name":"Shaded","section":"Shading Mode"},"sceneLighting":true,"audioPlay":false,"sceneViewState":{"showFog":true,"showMaterialUpdate":false,"showSkybox":true,"showFlares":true,"showImageEffects":true,"showParticleSystems":true},"in2DMode":false,"pivot":{"x":-0.5283583402633667,"y":4.484484672546387,"z":-1.7882099151611329},"rotation":{"x":-0.17183466255664826,"y":-0.03634551540017128,"z":0.006344130728393793,"w":-0.9844346642494202},"size":851.9697265625,"orthographic":false}