{"cameraMode":{"drawMode":0,"name":"Shaded","section":"Shading Mode"},"sceneLighting":false,"audioPlay":false,"sceneViewState":{"showFog":true,"showMaterialUpdate":false,"showSkybox":false,"showFlares":true,"showImageEffects":true,"showParticleSystems":true},"in2DMode":false,"pivot":{"x":849.6165161132813,"y":390.1019287109375,"z":-0.9770236015319824},"rotation":{"x":-0.052760422229766849,"y":0.030549252405762674,"z":-0.00161480694077909,"w":-0.9981385469436646},"size":12.542580604553223,"orthographic":false}